team,possession_avg,ppda,aerial_win_rate
Brazil,58.5,10.2,52.1
Spain,65.0,8.5,45.0
England,55.2,11.0,55.4
France,52.0,12.5,54.0
Morocco,42.0,15.2,50.5
Australia,44.5,14.1,62.8
Turkey,51.0,11.5,43.2
Switzerland,53.0,10.8,49.0
Qatar,48.0,16.0,45.5
Haiti,38.0,18.5,47.0
Scotland,46.0,13.0,56.5
Germany,62.0,9.5,54.5
Curaçao,35.0,19.0,42.0
Ivory Coast,45.0,14.0,60.5
Ecuador,48.0,11.0,51.0
Netherlands,57.0,10.5,58.0
Japan,52.0,8.5,38.0
Sweden,42.0,15.5,61.0
Tunisia,40.0,17.0,48.0
